Model,Type,Compare,Loss,MSE,CosineSimilarity,KL(x||y),KL(y||x),JS Divergence,Bhattacharyya,Wasserstein
MiniViT,path1_latent,Forward vs Inverse,1.0873905420303345,0.0010455679148435593,-0.0005418911459855735,261.99078369140625,3525.6416015625,1893.816162109375,,0.9592631459236145
ConvNet,path1_latent,Forward vs Inverse,0.0522417388856411,1.2754330782627221e-05,0.01183675229549408,44.572265625,50.1341552734375,47.35321044921875,,0.20806649327278137
PCA_MLP,path1_latent,Forward vs Inverse,0.9526529312133789,0.05954080820083618,0.010106087662279606,10.969121932983398,18.07809829711914,14.52361011505127,2.0751895904541016,0.912973940372467
MLP,path1_latent,Forward vs Inverse,0.9107171893119812,0.06505122780799866,-0.06582173705101013,30.75533676147461,3839.9580078125,1935.356689453125,23.667186737060547,0.3449859619140625
MiniViT,path1_latent,Forward vs Inverse,1.0873905420303345,0.0010455679148435593,-0.0005418911459855735,261.99078369140625,3525.6416015625,1893.816162109375,,0.9592631459236145
ConvNet,path1_latent,Forward vs Inverse,0.0522417388856411,1.2754330782627221e-05,0.01183675229549408,44.572265625,50.1341552734375,47.35321044921875,,0.20806649327278137
PCA_MLP,path1_latent,Forward vs Inverse,0.9526529312133789,0.05954080820083618,0.010106087662279606,10.969121932983398,18.07809829711914,14.52361011505127,2.0751895904541016,0.912973940372467
MLP,path1_latent,Forward vs Inverse,0.9107171893119812,0.06505122780799866,-0.06582173705101013,30.75533676147461,3839.9580078125,1935.356689453125,23.667186737060547,0.3449859619140625
MiniViT,path2_latent,Forward vs Inverse,1961.7574462890625,1.8863052129745483,0.6094037890434265,15066.8994140625,1134.9993896484375,8100.94921875,236.025390625,42.29192352294922
ConvNet,path2_latent,Forward vs Inverse,2150.9462890625,0.5251333713531494,0.16926483809947968,369647.25,238099.203125,303873.21875,,45.20861053466797
PCA_MLP,path2_latent,Forward vs Inverse,54.45304870605469,3.403315544128418,0.16526681184768677,69.5079345703125,8.780202865600586,39.14406967163086,2.9549896717071533,6.773784637451172
MLP,path2_latent,Forward vs Inverse,16.30038070678711,1.1643129587173462,0.4043078124523163,34.257347106933594,4.519922256469727,19.388633728027344,1.512063980102539,3.6995551586151123
MiniViT,path1_inverse,Forward vs Inverse,1300.9169921875,1.270426630973816,0.5698568224906921,3762.79296875,5016171.0,2509967.0,3667.70458984375,36.038604736328125
ConvNet,path1_inverse,Forward vs Inverse,1363.3958740234375,1.3314411640167236,0.5405867695808411,3842.021484375,5142098.5,2572970.25,,36.88471984863281
PCA_MLP,path1_inverse,Forward vs Inverse,1347.5517578125,1.3159685134887695,0.5488625764846802,4086.049560546875,6022639.5,3013362.75,3581.630615234375,36.66845703125
MLP,path1_inverse,Forward vs Inverse,1280.13427734375,1.2501311302185059,0.5795873999595642,4096.1728515625,6399210.0,3201653.0,inf,35.750492095947266
MiniViT,path2_inverse,Forward vs Inverse,1147.8778076171875,1.1209744215011597,0.6353277564048767,3107.946044921875,3229647.0,1616377.5,2527.206298828125,33.8644905090332
ConvNet,path2_inverse,Forward vs Inverse,1195.69775390625,1.1676737070083618,0.6153736114501953,2810.270263671875,2499337.25,1251073.75,2072.05615234375,34.560733795166016
PCA_MLP,path2_inverse,Forward vs Inverse,1523.2633056640625,1.487561821937561,0.505149245262146,3641.78076171875,4103128.5,2053385.125,,38.89842224121094
MLP,path2_inverse,Forward vs Inverse,1247.3514404296875,1.2181166410446167,0.593808114528656,3936.65234375,4979681.5,2491809.0,3895.591796875,35.296138763427734
MiniViT,path1_combine,full,1254.539794921875,1.2251365184783936,0.5904435515403748,3728.07373046875,4865774.0,2434751.0,3418.12255859375,35.39946746826172
MiniUNet,path1_combine,full,1215.4981689453125,1.1870098114013672,0.6071956157684326,3442.209228515625,4090250.5,2046846.375,2972.76611328125,34.84457778930664
PCAMLP,path1_combine,full,1251.45849609375,1.2221274375915527,0.5922490358352661,4029.6728515625,5678129.0,2841079.25,3839.737548828125,35.352745056152344
MLP,path1_combine,full,1275.1358642578125,1.24524986743927,0.583827018737793,4065.0908203125,5992030.5,2998047.75,3888.204345703125,35.65355682373047
MiniViT,path2_combine,full,1128.6470947265625,1.1021944284439087,0.6430631279945374,3043.034423828125,3026629.5,1514836.25,,33.57538986206055
MiniUNet,path2_combine,full,1134.8489990234375,1.1082509756088257,0.6405805945396423,2505.318603515625,2068081.375,1035293.375,,33.664798736572266
PCAMLP,path2_combine,full,1256.2279052734375,1.2267850637435913,0.5901122689247131,3772.582763671875,4445695.5,2224734.0,3402.982177734375,35.40857696533203
MLP,path2_combine,full,1161.6234130859375,1.1343978643417358,0.6297321915626526,3720.623046875,4268304.0,2136012.25,,34.063907623291016
MiniViT,path0,full,1136.6456298828125,1.110005497932434,0.6400987505912781,3100.69921875,2893426.0,1448263.375,,33.6958122253418
MiniUNet,path0,full,1177.398193359375,1.1498029232025146,0.6232765316963196,3073.38232421875,3030572.75,1516823.125,2338.82958984375,34.29255676269531
PCAMLP,path0,full,1250.2509765625,1.2209482192993164,0.5937402844429016,3734.5966796875,4263134.0,2133434.25,,35.324188232421875
MLP,path0,full,1172.7718505859375,1.1452851295471191,0.6250849366188049,3726.212890625,4269413.5,2136569.75,3253.09716796875,34.227298736572266
MiniViT,CM,path1_full_for,1421.6055908203125,1.3882867097854614,0.5204401016235352,3740.140625,5098217.5,2550978.75,3109.89111328125,37.65502166748047
MiniViT,CM,path1_full_dec,1316.710693359375,1.2858502864837646,0.5668526887893677,3506.40283203125,4258319.5,2130913.0,3106.211181640625,36.26580810546875
MiniViT,CM,path1_full_inv,159.5773162841797,0.15583722293376923,0.8630831241607666,16566.837890625,586.2900390625,8576.564453125,2637.228515625,12.214654922485352
UNet,CM,path1_full_for,1252.17041015625,1.222822666168213,0.5914133191108704,3726.481689453125,5031862.5,2517794.5,,35.36420822143555
UNet,CM,path1_full_dec,1224.9853515625,1.196274757385254,0.6030939817428589,3693.037109375,4995496.0,2499594.5,3525.002197265625,34.981563568115234
UNet,CM,path1_full_inv,15.68024730682373,0.015312742441892624,0.9884322881698608,72.13543701171875,51.7547607421875,61.945098876953125,,3.8358328342437744
PCA_MLP,CM,path1_full_for,1352.50439453125,1.3208049535751343,0.5592360496520996,4074.872802734375,5971206.0,2987640.5,3534.2666015625,36.653526306152344
PCA_MLP,CM,path1_full_dec,1273.071533203125,1.2432340383529663,0.5834548473358154,4038.970703125,5856497.5,2930268.25,,35.65547561645508
PCA_MLP,CM,path1_full_inv,88.5988540649414,0.08652231842279434,0.9534621834754944,348.896240234375,60.2410888671875,204.56866455078125,,6.653213024139404
MLP,CM,path1_full_for,1387.6927490234375,1.3551687002182007,0.5640802979469299,4137.93505859375,6054228.0,3029183.0,3536.396484375,36.67127990722656
MLP,CM,path1_full_dec,1276.3927001953125,1.2464772462844849,0.5820552706718445,4096.8037109375,6380503.0,3192300.0,inf,35.70151138305664
MLP,CM,path1_full_inv,110.31661224365234,0.10773105174303055,0.9709265232086182,28.393096923828125,551825.6875,275927.03125,inf,5.584007740020752
MiniViT,CM,path1_full_for,1904.5906982421875,1.8599517345428467,0.43909376859664917,4569.58349609375,6481372.0,3242970.75,5232.2607421875,43.63230514526367
MiniViT,CM,path1_full_dec,1881.6259765625,1.837525486946106,0.5309469699859619,4559.3466796875,7850358.5,3927459.0,5773.17431640625,43.36833572387695
MiniViT,CM,path1_full_inv,0.29445841908454895,0.0002875570789910853,0.9023793339729309,158.86260986328125,755.008056640625,456.9353332519531,6367.52587890625,0.5230974555015564
UNet,CM,path1_full_for,1882.8084716796875,1.8386801481246948,0.22249563038349152,4581.18408203125,6842779.0,3423680.0,,43.38213348388672
UNet,CM,path1_full_dec,1878.74072265625,1.8347076177597046,0.24232885241508484,4577.986328125,7478447.0,3741512.5,,43.335304260253906
UNet,CM,path1_full_inv,0.022200288251042366,2.1679967176169157e-05,0.9985210299491882,21.06854248046875,54.3916015625,37.730072021484375,,0.14651228487491608
PCA_MLP,CM,path1_full_for,1904.2454833984375,1.8596147298812866,0.2600371539592743,4500.3154296875,5589407.0,2796953.75,,43.51435852050781
PCA_MLP,CM,path1_full_dec,1578.9595947265625,1.5419527292251587,0.4423763155937195,4288.5009765625,6384272.5,3194280.5,4351.4375,39.72286605834961
PCA_MLP,CM,path1_full_inv,185.91836547851562,0.1815609186887741,0.7690147757530212,93.67041015625,92949.25,46521.4609375,,11.525741577148438
MLP,CM,path1_full_for,1427.7947998046875,1.3943308591842651,0.5092344284057617,4177.33203125,6317109.0,3160643.25,4046.566162109375,37.762596130371094
MLP,CM,path1_full_dec,1415.009033203125,1.3818448781967163,0.5130541920661926,4191.94677734375,6762757.5,3383474.75,4193.93017578125,37.59343719482422
MLP,CM,path1_full_inv,8.590675354003906,0.008389330469071865,0.9978384375572205,31.0394287109375,2761.282958984375,1396.1611328125,3926.7041015625,2.3889384269714355
